TestCopticChronology,testLeap_5_13,testLeap_6_13
TestEthiopicChronology,testLeap_5_13,testLeap_6_13
TestGJChronology,testLeap_28feb,testLeap_29feb
TestGJDate,test_plusYears_positiveToPositive,test_plusYears_negativeToPositive_crossCutover,test_plusYears_positiveToNegative_crossCutover,test_plusYears_positiveToZero_crossCutover,test_plusYears_positiveToPositive_crossCutover,test_plusYears_negativeToPositive,test_plusYears_negativeToZero,test_plusYears_negativeToNegative,test_plusYears_positiveToNegative,test_plusYears_positiveToZero
TestGJDate,test_plusWeekyears_positiveToZero_crossCutover,test_plusWeekyears_positiveToNegative_crossCutover
TestGregorianChronology,testLeap_28feb,testLeap_29feb
TestIslamicChronology,testEpoch,testFieldConstructor
TestIslamicChronology,test15BasedLeapYear,testHabashAlHasibBasedLeapYear,testIndianBasedLeapYear,test16BasedLeapYear
TestISOChronology,testLeap_28feb,testLeap_29feb
TestJulianChronology,testLeap_28feb,testLeap_29feb
TestConverterSet,testRemoveBadIndex1,testRemoveBadIndex2
TestStringConverter,testGetDateTime5,testGetDateTime6
TestStringConverter,testSetIntoInterval_Object_Chronology4,testSetIntoInterval_Object_Chronology6,testSetIntoInterval_Object_Chronology5
TestStringConverter,testSetIntoPeriod_Object2,testSetIntoPeriod_Object6,testSetIntoPeriod_Object5,testSetIntoPeriod_Object4,testSetIntoPeriod_Object3
TestStringConverter,testGetDateTime3,testGetDateTime4
TestStringConverter,testGetDateTime1,testGetDateTime2
TestStringConverter,testSetIntoIntervalEx_Object_Chronology1,testSetIntoIntervalEx_Object_Chronology5,testSetIntoIntervalEx_Object_Chronology4,testSetIntoIntervalEx_Object_Chronology3,testSetIntoIntervalEx_Object_Chronology2
TestStringConverter,testSetIntoInterval_Object_Chronology1,testSetIntoInterval_Object_Chronology3,testSetIntoInterval_Object_Chronology2
TestBaseDateTimeField,test_add_long_int,test_add_long_long
TestMillisDurationField,test_getMillis_int_long,test_getMillis_long_long
TestMillisDurationField,test_getMillis_int,test_getMillis_long
TestMillisDurationField,test_add_long_int,test_add_long_long
TestOffsetDateTimeField,test_add_long_int,test_add_long_long
TestPreciseDateTimeField,test_add_long_int,test_add_long_long
TestPreciseDurationDateTimeField,test_add_long_int,test_add_long_long
TestDateTimeFormat,testFormatParse_textMonthJanShortLowerCase_UK,testFormatParse_textMonthJanLong_France,testFormatParse_textMonthJanLongUpperCase_UK,testFormatParse_textMonthJanLongLowerCase_UK,testParse_textMonthJanLong_UK,testFormatParse_textMonthJanShortUpperCase_UK
TestDateTimeFormat,testFormatParse_textYear_UK,testFormatParse_textYear_France
TestDateTimeFormat,testFormatParse_textEraAD_UK,testFormatParse_textEraAD_France
TestDateTimeFormat,testFormatParse_zoneId_noColon,testFormatParse_zoneId_colon
TestDateTimeFormat,testFormat_era,testFormat_zoneAmountID,testFormat_zoneAmountColon,testFormat_zoneAmount,testFormat_zoneLongText,testFormat_zoneText,testFormat_fractionOfSecondLong,testFormat_fractionOfSecond,testFormat_second,testFormat_minute,testFormat_dayOfMonth,testFormat_monthOfYear,testFormat_dayOfYearText,testFormat_dayOfWeek,testFormat_weekOfWeekyear
TestDateTimeFormat,testFormat_other,testFormat_samples
TestDateTimeFormat,testFormatParse_textMonthJanShort_France,testFormatParse_textMonthAtEnd_France,testFormatParse_textMonthApr_France
TestDateTimeFormat,testParse_pivotYear,testParse_pivotYear_ignored4DigitYear
TestDateTimeFormat,testFormatParse_zoneId_noColon_parseZ,testFormatParse_zoneId_colon_parseZ
TestDateTimeFormat,testFormat_dayOfWeekShortText,testFormat_monthOfYearText,testFormat_monthOfYearShortText,testFormat_dayOfWeekText
TestDateTimeFormat,testFormat_centuryOfEra,testFormat_clockhourOfDay,testFormat_hourOfDay,testFormat_clockhourOfHalfday,testFormat_hourOfHalfday,testFormat_weekyear,testFormat_yearOfEra
TestDateTimeFormatStyle,testForStyle_shortMediumDateTime,testForStyle_mediumFullDateTime,testForStyle_mediumLongDateTime,testForStyle_mediumShortDateTime,testForStyle_shortFullDateTime,testForStyle_shortLongDateTime
TestDateTimeFormatter,testParseDateTime_zone,testParseDateTime_zone2
TestDateTimeFormatter,testParseInto_monthOnly,testParseInto_monthDay_feb29_tokyo_endOfYear,testParseInto_monthDay_feb29_tokyo_startOfYear,testParseInto_monthDay_feb29_tokyo,testParseInto_monthDay_feb29_newYork_endOfYear,testParseInto_monthDay_feb29_newYork_startOfYear,testParseInto_monthDay_feb29_newYork,testParseInto_monthDay_feb29_OfYear,testParseInto_monthDay_feb29_startOfYear,testParseInto_monthDay_feb29,testParseInto_monthOnly_parseEndYear,testParseInto_monthOnly_baseEndYear,testParseInto_monthOnly_parseStartYear,testParseInto_monthOnly_baseStartYear
TestDateTimeFormatter,testParseMutableDateTime_zone,testParseMutableDateTime_zone2
TestDateTimeFormatter,testParseInto_monthDay_withDefaultYear_feb29,testParseInto_monthDay_withDefaultYear_feb29_newYork_endOfYear,testParseInto_monthDay_withDefaultYear_feb29_newYork
TestDateTimeFormatter,testParseLocalDate_weekyear_month_week_2010,testParseLocalDate_year_month_week_2016,testParseLocalDate_year_month_week_2015,testParseLocalDate_year_month_week_2014,testParseLocalDate_year_month_week_2013,testParseLocalDate_year_month_week_2012,testParseLocalDate_year_month_week_2011,testParseLocalDate_year_month_week_2010,testParseLocalDate_weekyear_month_week_2012,testParseLocalDate_weekyear_month_week_2011
TestDateTimeFormatterBuilder,test_printParseZoneDawson_suffix,test_printParseZoneDawsonCreek_suffix
TestDateTimeFormatterBuilder,test_printParseZoneEtcGMT,test_printParseZoneMET,test_printParseZoneEtcGMT10,test_printParseZoneEtcGMT1,test_printParseZoneGMT
TestDateTimeFormatterBuilder,test_printParseZoneEtcGMT_suffix,test_printParseZoneMET_suffix,test_printParseZoneEtcGMT10_suffix,test_printParseZoneEtcGMT1_suffix,test_printParseZoneGMT_suffix
TestDateTimeFormatterBuilder,test_appendTimeZoneOffset_print_min1max1,test_appendTimeZoneOffset_print_min3max3,test_appendTimeZoneOffset_print_min2max3,test_appendTimeZoneOffset_print_min2max2,test_appendTimeZoneOffset_print_min1max3,test_appendTimeZoneOffset_print_min1max2
TestDateTimeFormatterBuilder,test_printParseZoneDawson,test_printParseZoneBahiaBanderas,test_printParseZoneDawsonCreek
TestISODateTimeFormat_Fields,testForFields_calBased_Y,testForFields_ordinalBased_Y
TestISOPeriodFormatParsing,testParseStandard1,testParseStandard11,testParseStandard10,testParseStandard9,testParseStandard8,testParseStandard7,testParseStandard6,testParseStandard5,testParseStandard4,testParseStandard3,testParseStandard2
TestISOPeriodFormatParsing,testParseStandardFail1,testParseStandardFail4,testParseStandardFail3,testParseStandardFail2
TestPeriodFormat,test_wordBased_fr_from_de,test_wordBased_pl_from_fr,test_wordBased_en_from_pl,test_wordBased_en_from_nl,test_wordBased_en_from_de,test_wordBased_fr_from_nl
TestPeriodFormat,test_wordBased_fr_parseTwoFields,test_wordBased_pl_parseTwoFields,test_wordBased_ja_parseTwoFields,test_wordBased_nl_parseTwoFields,test_wordBased_de_parseTwoFields,test_wordBased_es_parseTwoFields,test_wordBased_pt_parseTwoFields
TestPeriodFormat,test_wordBased_fr_formatTwoFields,test_wordBased_pl_formatTwoFields,test_wordBased_nl_formatTwoFields,test_wordBased_de_formatTwoFields,test_wordBased_es_formatTwoFields,test_wordBased_pt_formatTwoFields
TestPeriodFormat,test_wordBased_fr_cached,test_wordBased_pl_cached,test_wordBased_ja_cached,test_wordBased_da_cached,test_wordBased_nl_cached,test_wordBased_de_cached,test_wordBased_es_cached,test_wordBased_pt_cached
TestPeriodFormat,test_wordBased_fr_formatStandard,test_wordBased_pl_formatStandard,test_wordBased_ja_formatSingular,test_wordBased_ja_formatMultiple,test_wordBased_da_formatSinglular,test_wordBased_da_formatMultiple,test_wordBased_nl_formatStandard,test_wordBased_de_formatStandard,test_wordBased_es_formatStandard,test_wordBased_pt_formatStandard
TestPeriodFormat,test_wordBased_ja_checkRedundantSeparator,test_wordBased_pl_checkRedundantSeparator
TestPeriodFormat,test_wordBased_fr_parseOneField,test_wordBased_pl_parseOneField,test_wordBased_ja_parseOneField,test_wordBased_nl_parseOneField,test_wordBased_de_parseOneField,test_wordBased_es_parseOneField,test_wordBased_pt_parseOneField
TestPeriodFormat,test_wordBased_fr_FormatOneField,test_wordBased_pl_FormatOneField,test_wordBased_nl_FormatOneField,test_wordBased_de_FormatOneField,test_wordBased_es_FormatOneField,test_wordBased_pt_FormatOneField
TestPeriodFormatParsing,testParseNegativeMillis1,testParseNegativeMillis2
TestPeriodFormatterBuilder,testFormatPrefixSimple5IgnoringPrefix,testFormatPrefixSimple6IgnoringPrefix
TestTextFields,testMonthNames_monthStart,testMonthNames_monthMiddle
TestDateMidnight_Basics,testWithFieldAdded2,testWithFieldAdded3
TestDateMidnight_Constructors,testConstructor_long1_DateTimeZone,testConstructor_long2_DateTimeZone
TestDateMidnight_Constructors,testConstructor_long1,testConstructor_long2
TestDateMidnight_Constructors,testConstructor_long1_Chronology,testConstructor_long2_Chronology
TestDateMidnight_Constructors,testConstructor_badconverterObject_DateTimeZone,testConstructor_badconverterObject_Chronology
TestDateMidnight_Properties,testPropertyAddMonthOfYear,testPropertyAddLongMonthOfYear
TestDateTime_Basics,testWithDate_int_int_int_toDST1,testWithDate_int_int_int_affectedByDST,testWithDate_int_int_int_toDST2
TestDateTime_Basics,testWithFieldAdded2,testWithFieldAdded3
TestDateTime_Constructors,testConstructor_long1,testConstructor_long2
TestDateTime_Constructors,testConstructor_long1_Chronology,testConstructor_long2_Chronology
TestDateTime_Constructors,testConstructor_long1_DateTimeZone,testConstructor_long2_DateTimeZone
TestDateTime_Constructors,testConstructor_ObjectStringEx1,testConstructor_ObjectStringEx2
TestDateTime_Constructors,testConstructor_ObjectString1,testConstructor_ObjectString7,testConstructor_ObjectString6,testConstructor_ObjectString5,testConstructor_ObjectString4,testConstructor_ObjectString3,testConstructor_ObjectString2
TestDateTime_Constructors,testConstructor_badconverterObject_DateTimeZone,testConstructor_badconverterObject_Chronology
TestDateTimeComparator,testListSecond,testListTime,testListDate,testListYear,testListMonth,testListWOW,testListDOY,testListDOM,testListDOW,testListHour,testListMinute
TestDateTimeComparator,testSecond,testMonth,testWOW,testDOY,testDOM,testMinute
TestDateTimeComparator,testHour,testYear
TestDateTimeZone,testPatchedNameKeysLondon,testPatchedNameKeysGazaHistoric,testPatchedNameKeysSydneyHistoric,testPatchedNameKeysSydney
TestDateTimeZone,testGetOffset_RI,testGetOffsetFixed_RI
TestDateTimeZone,testGetOffset_long,testGetOffsetFixed
TestDateTimeZone,testIsLocalDateTimeGap_Berlin,testIsLocalDateTimeGap_NewYork
TestDateTimeZoneCutover,testWithMillisOfSecondInDstChange_Paris_summer,testWithMillisOfSecondInDstChange_NewYork_winter,testWithMillisOfSecondInDstChange_NewYork_summer,testWithMillisOfSecondInDstChange_Paris_winter
TestDateTimeZoneCutover,test_DateTime_addWrapFieldDay_Gaza,test_DateTime_addWrapFieldDay_Turk
TestDateTimeZoneCutover,test_DateTime_roundFloor_minute_NewYork_Spring_preCutover,test_DateTime_roundFloor_minuteOfHour_NewYork_Autumn_preCutover,test_DateTime_roundFloor_minute_NewYork_Spring_postCutover
TestDateTimeZoneCutover,testBug3476684_adjustOffset,testBug3476684_adjustOffset_springGap
TestDateTimeZoneCutover,test_DateTime_minusDay_Gaza,test_DateTime_minusDay_Turk
TestDateTimeZoneCutover,test_DateTime_constructor_NewYork_Autumn,test_DateTime_constructor_Moscow_Autumn
TestDateTimeZoneCutover,test_getOffsetFromLocal_NewYork_Spring,test_getOffsetFromLocal_Moscow_Spring
TestDateTimeZoneCutover,test_LocalDate_toDateMidnight_Gaza,test_LocalDate_toDateMidnight_Turk
TestDateTimeZoneCutover,test_DateTime_new_Gaza,test_DateTime_new_Turk
TestDateTimeZoneCutover,test_DateTime_setHourAcross_NewYork_Spring,test_DateTime_setHourAcross_Moscow_Spring
TestDateTimeZoneCutover,test_DateTime_roundFloor_hour_NewYork_Spring_preCutover,test_DateTime_roundFloor_hourOfDay_NewYork_Autumn_preCutover,test_DateTime_roundFloor_hour_NewYork_Spring_postCutover
TestDateTimeZoneCutover,test_DateTime_roundFloor_Gaza,test_DateTime_roundFloor_day_NewYork_Autumn_preCutover,test_DateTime_roundFloor_day_NewYork_Spring_postCutover,test_DateTime_roundFloor_day_NewYork_Spring_preCutover,test_DateTime_roundFloorNotDST_Turk,test_DateTime_roundFloor_Turk
TestDateTimeZoneCutover,test_DateTime_roundCeiling_Gaza,test_DateTime_roundCeiling_day_NewYork_Autumn_preCutover,test_DateTime_roundCeiling_day_NewYork_Spring_postCutover,test_DateTime_roundCeiling_day_NewYork_Spring_preCutover,test_DateTime_roundCeiling_Turk
TestDateTimeZoneCutover,test_DateTime_plusHour_NewYork_Autumn,test_DateTime_plusHour_Moscow_Autumn
TestDateTimeZoneCutover,test_MockGazaIsCorrect,test_RioBrancoIsCorrect_Spring,test_GuatemataIsCorrect_Autumn,test_MoscowIsCorrect_Autumn,test_MoscowIsCorrect_Spring,test_NewYorkIsCorrect_Autumn,test_NewYorkIsCorrect_Spring,test_MockTurkIsCorrect
TestDateTimeZoneCutover,testBug2182444_usCentral,testBug2182444_ausNSW
TestDateTimeZoneCutover,test_DateTime_roundCeiling_minute_NewYork_Spring_preCutover,test_DateTime_roundCeiling_minuteOfHour_NewYork_Autumn_preCutover,test_DateTime_roundCeiling_minute_NewYork_Spring_postCutover
TestDateTimeZoneCutover,test_DateTime_minusHour_Gaza,test_DateTime_minusHour_Turk
TestDateTimeZoneCutover,testDateTimeCreation_athens,testDateTimeCreation_losAngeles,testDateTimeCreation_newYork,testDateTimeCreation_london,testDateTimeCreation_paris
TestDateTimeZoneCutover,test_DateTime_parse_Gaza,test_DateTime_parse_Turk
TestDateTimeZoneCutover,test_DateTime_withDay_Gaza,test_DateTime_withDay_Turk
TestDateTimeZoneCutover,test_DateTime_roundCeiling_hour_NewYork_Spring_preCutover,test_DateTime_roundCeiling_hourOfDay_NewYork_Autumn_preCutover,test_DateTime_roundCeiling_hour_NewYork_Spring_postCutover
TestDateTimeZoneCutover,test_DateTime_plusHour_Gaza,test_DateTime_plusHour_Turk
TestDateTimeZoneCutover,test_DateTime_minusHour_NewYork_Autumn,test_DateTime_minusHour_Moscow_Autumn
TestDateTimeZoneCutover,test_DateTime_setHourZero_Gaza,test_DateTime_setHourBack_Moscow_Spring,test_DateTime_setHourForward_Moscow_Spring,test_DateTime_setHourBack_NewYork_Spring,test_DateTime_setHourForward_NewYork_Spring,test_DateTime_setHourZero_Turk
TestDateTimeZoneCutover,test_DateTime_withHourZero_Gaza,test_DateTime_withHourZero_Turk
TestDateTimeZoneCutover,test_DateTime_withZoneRetainFields_Gaza,test_DateTime_withZoneRetainFields_Turk
TestDateTimeZoneCutover,test_MutableDateTime_withZoneRetainFields_Gaza,test_MutableDateTime_setZoneRetainFields_Turk
TestDateTimeZoneCutover,test_LocalDate_new_Gaza,test_LocalDate_new_Turk
TestDateTimeZoneCutover,test_DateTime_plusDay_Gaza,test_DateTime_plusDayMidGap_Turk,test_DateTime_plusDay_Turk,test_DateTime_plusDayMidGap_Gaza
TestDuration_Basics,testWithDurationAdded_long_int4,testWithDurationAdded_long_int5
TestDuration_Basics,testNegated_long1,testNegated_long2
TestDuration_Basics,testWithDurationAdded_long_int1,testWithDurationAdded_long_int2
TestDuration_Basics,testWithDurationAdded_RD_int4,testWithDurationAdded_RD_int5
TestDuration_Basics,testDividedByRoundingMode_long1,testDividedByRoundingMode_long3,testDividedByRoundingMode_long2
TestDuration_Basics,testWithDurationAdded_RD_int1,testWithDurationAdded_RD_int2
TestInstant_Constructors,testConstructor_long1,testConstructor_long2
TestInterval_Basics,testEqualsHashCodeLenient,testEqualsHashCodeStrict
TestInterval_Constructors,testParse_noOffsetInString,testParse_offsetInString
TestInterval_Constructors,testParseWithOffset_noOffsetInString,testParseWithOffset_offsetInString
TestLocalDate_Basics,testToDate_springDST,testToDate_autumnDST
TestLocalDate_Basics,testToDateTime_LocalTime_Zone_dstOverlap,testToDateTime_LocalTime_Zone_dstOverlap_NewYork
TestLocalDate_Basics,testToDate_summer,testToDate_winter
TestLocalDate_Basics,testWithFieldAdded_DurationFieldType_int_2,testWithFieldAdded_DurationFieldType_int_3
TestLocalDate_Constructors,testConstructor_long3_DateTimeZone,testConstructor_long4_DateTimeZone
TestLocalDate_Constructors,testFactory_fromDateFields_beforeYearZero1,testFactory_fromDateFields_beforeYearZero3
TestLocalDate_Constructors,testFactory_fromDateFields_after1970,testFactory_fromDateFields_before1970
TestLocalDate_Constructors,testConstructor_ObjectStringEx1,testConstructor_ObjectStringEx7,testConstructor_ObjectStringEx6,testConstructor_ObjectStringEx5,testConstructor_ObjectStringEx4,testConstructor_ObjectStringEx3,testConstructor_ObjectStringEx2
TestLocalDate_Constructors,testFactory_fromCalendarFields_beforeYearZero1,testFactory_fromCalendarFields_beforeYearZero3
TestLocalDate_Constructors,testConstructor_long1_Chronology,testConstructor_long2_Chronology
TestLocalDate_Constructors,testConstructor_ObjectString1,testConstructor_ObjectString3,testConstructor_ObjectString2
TestLocalDate_Constructors,testConstructor_long1,testConstructor_long2
TestLocalDateTime_Basics,testToDate_springDST,testToDate_autumnDST
TestLocalDateTime_Basics,testToDate_summer,testToDate_winter
TestLocalDateTime_Basics,testToDate_summer_Zone,testToDate_winter_Zone
TestLocalDateTime_Basics,testToDateTime_Zone_dstOverlap,testToDateTime_Zone_dstOverlap_NewYork
TestLocalDateTime_Basics,testToDate_springDST_Zone,testToDate_autumnDST_Zone
TestLocalDateTime_Basics,testWithFieldAdded_DurationFieldType_int_2,testWithFieldAdded_DurationFieldType_int_3
TestLocalDateTime_Constructors,testConstructor_long1_Chronology,testConstructor_long2_Chronology
TestLocalDateTime_Constructors,testFactory_fromCalendarFields_beforeYearZero1,testFactory_fromCalendarFields_beforeYearZero3
TestLocalDateTime_Constructors,testConstructor_Object_DateTimeZoneMoscow,testConstructor_Object_DateTimeZoneMoscowBadDateTime
TestLocalDateTime_Constructors,testFactory_fromDateFields_beforeYearZero1,testFactory_fromDateFields_beforeYearZero3
TestLocalDateTime_Constructors,testConstructor_ObjectString1,testConstructor_ObjectString4,testConstructor_ObjectString3,testConstructor_ObjectString2
TestLocalDateTime_Constructors,testConstructor_long1,testConstructor_long2
TestLocalDateTime_Constructors,testConstructor_ObjectStringEx1,testConstructor_ObjectStringEx6,testConstructor_ObjectStringEx5,testConstructor_ObjectStringEx4,testConstructor_ObjectStringEx3,testConstructor_ObjectStringEx2
TestLocalDateTime_Constructors,testConstructor_Object_ChronologyMoscow,testConstructor_Object_ChronologyMoscowBadDateTime
TestLocalDateTime_Constructors,testFactory_fromDateFields_after1970,testFactory_fromDateFields_before1970
TestLocalDateTime_Constructors,testConstructor_long1_DateTimeZone,testConstructor_long2_DateTimeZone
TestLocalTime_Basics,testWithFieldAdded_DurationFieldType_int_2,testWithFieldAdded_DurationFieldType_int_3
TestLocalTime_Basics,testWithFieldAdded_DurationFieldType_int_7,testWithFieldAdded_DurationFieldType_int_8
TestLocalTime_Basics,testWithFieldAdded_DurationFieldType_int_1,testWithFieldAdded_DurationFieldType_int_6
TestLocalTime_Constructors,testConstructor_ObjectString1Tokyo,testConstructor_ObjectString1NewYork
TestLocalTime_Constructors,testConstructor_long1_Chronology,testConstructor_long2_Chronology
TestLocalTime_Constructors,testConstructor_ObjectString_DateTimeZoneTokyo,testConstructor_ObjectString_DateTimeZoneNewYork
TestLocalTime_Constructors,testConstructor_long1,testConstructor_long2
TestLocalTime_Constructors,testFactory_FromDateFields_after1970,testFactory_FromDateFields_before1970
TestLocalTime_Constructors,testConstructor_ObjectString1,testConstructor_ObjectString4,testConstructor_ObjectString3,testConstructor_ObjectString2
TestLocalTime_Constructors,testConstructor_ObjectStringEx1,testConstructor_ObjectStringEx6,testConstructor_ObjectStringEx5,testConstructor_ObjectStringEx4,testConstructor_ObjectStringEx3,testConstructor_ObjectStringEx2
TestMinMaxLong,testPrintParseMax,testPrintParseMin
TestMonthDay_Basics,testPlusDays_int_toLeap,testPlusDays_int_negativeFromLeap,testPlusDays_int_fromLeap
TestMonthDay_Basics,testMinusDays_int_toLeap,testMinusDays_int_negativeFromLeap,testMinusDays_int_fromLeap
TestMonthDay_Basics,testPlusMonths_int_wrap,testPlusMonths_int_adjust
TestMonthDay_Basics,testPlusMonths_int_fromLeap,testPlusMonths_int_negativeEndOfMonthAdjust,testPlusMonths_int_endOfMonthAdjust,testPlusMonths_int_negativeFromLeap
TestMonthDay_Basics,testMinusMonths_int_fromLeap,testMinusMonths_int_negativeEndOfMonthAdjust,testMinusMonths_int_endOfMonthAdjust,testMinusMonths_int_negativeFromLeap
TestMonthDay_Basics,testMinusMonths_int_wrap,testMinusMonths_int_adjust
TestMonthDay_Basics,testWithFieldAdded_nullField_zero,testWithFieldAdded_nullField_nonZero
TestMonthDay_Basics,testPlusDays_int_wrapMonth,testPlusDays_int_wrap50,testPlusDays_int_wrapMonthTwiceIntoNextYear,testPlusDays_int_wrapMonthIntoNextYear,testPlusDays_int_wrapMonthTwice
TestMonthDay_Basics,testMinusDays_int_wrapMonth,testMinusDays_int_wrapMonthTwiceIntoLastYear,testMinusDays_int_wrapMonthIntoLastYear,testMinusDays_int_wrapMonthTwice
TestMonthDay_Constructors,testConstructor_ObjectStringEx1,testConstructor_ObjectStringEx4,testConstructor_ObjectStringEx3,testConstructor_ObjectStringEx2
TestMonthDay_Constructors,testConstructor_ObjectString1,testConstructor_ObjectString5
TestMonthDay_Constructors,testConstructor_long1,testConstructor_long2
TestMonthDay_Constructors,testConstructor_long1_Chronology,testConstructor_long2_Chronology
TestMutableDateTime_Adds,testAdd_DurationFieldType_int2,testAdd_DurationFieldType_int3
TestMutableDateTime_Basics,testRounding3,testRounding4
TestMutableDateTime_Constructors,testConstructor_badconverterObject_DateTimeZone,testConstructor_badconverterObject_Chronology
TestMutableDateTime_Constructors,testConstructor_long1,testConstructor_long2
TestMutableDateTime_Constructors,testConstructor_long1_DateTimeZone,testConstructor_long2_DateTimeZone
TestMutableDateTime_Constructors,testConstructor_long1_Chronology,testConstructor_long2_Chronology
TestMutableDateTime_Properties,testPropertyAddDayOfWeek,testPropertyAddLongDayOfWeek
TestMutableDateTime_Sets,testSetDate_RI_same,testSetDate_RI_different2,testSetDate_RI_different1
TestMutablePeriod_Constructors,testConstructor_RI_RI1,testConstructor_RI_RI2
TestMutablePeriod_Constructors,testConstructor_long_long1,testConstructor_long_long2
TestMutablePeriod_Updates,testSetPeriod_long_long1,testSetPeriod_long_long2
TestMutablePeriod_Updates,testSetPeriod_8ints1,testSetPeriod_8ints4
TestMutablePeriod_Updates,testSetPeriod_RI_RI1,testSetPeriod_RI_RI2
TestMutablePeriod_Updates,testSetPeriod_RP1,testSetPeriod_RP4
TestPartial_Basics,testWithFieldAddWrapped7,testWithFieldAddWrapped8
TestPartial_Basics,testWithFieldAddWrapped2,testWithFieldAddWrapped3
TestPartial_Basics,testWithFieldAddWrapped1,testWithFieldAddWrapped6
TestPartial_Basics,testWithFieldAdded7,testWithFieldAdded8
TestPartial_Basics,testWithFieldAdded2,testWithFieldAdded3
TestPeriod_Basics,testNormalizedStandard_periodType_yearMonth1,testNormalizedStandard_periodType_weekDay1
TestPeriod_Basics,testNormalizedStandard_yearMonth1,testNormalizedStandard_fullNegative,testNormalizedStandard_negative,testNormalizedStandard_yearMonthDay,testNormalizedStandard_yearMonthWeekDay,testNormalizedStandard_weekDay1
TestPeriod_Basics,testNormalizedStandard_periodType_months1,testNormalizedStandard_periodType_months3,testNormalizedStandard_periodType_months2
TestPeriod_Basics,testNormalizedStandard_periodType_yearMonthWeekDay,testNormalizedStandard_periodType_yearMonthDay
TestPeriod_Constructors,testConstructor_trickyDifferences_LD_LD_toFeb_standardYear,testConstructor_trickyDifferences_LD_LD_toMar_endOfMonth2,testConstructor_trickyDifferences_LD_LD_toMar_endOfMonth1,testConstructor_trickyDifferences_LD_LD_toFeb_endOfMonth3,testConstructor_trickyDifferences_LD_LD_toFeb_endOfMonth2,testConstructor_trickyDifferences_LD_LD_toFeb_endOfMonth1,testConstructor_trickyDifferences_LD_LD_toFeb_exactMonths,testConstructor_trickyDifferences_LD_LD_toFeb_leapYear
TestPeriod_Constructors,testConstructor_RP_RP1,testConstructor_RP_RP2
TestPeriod_Constructors,testConstructor_long_long1,testConstructor_long_long2
TestPeriod_Constructors,testConstructor_RI_RI1,testConstructor_RI_RI2
TestPeriod_Constructors,testConstructor_RP_RP4,testConstructor_RP_RP_PeriodType4
TestPeriod_Constructors,testConstructor_trickyDifferences_RI_RI_toFeb_standardYear,testConstructor_trickyDifferences_RI_RI_toMar_endOfMonth2,testConstructor_trickyDifferences_RI_RI_toMar_endOfMonth1,testConstructor_trickyDifferences_RI_RI_toFeb_endOfMonth3,testConstructor_trickyDifferences_RI_RI_toFeb_endOfMonth2,testConstructor_trickyDifferences_RI_RI_toFeb_endOfMonth1,testConstructor_trickyDifferences_RI_RI_toFeb_exactMonths,testConstructor_trickyDifferences_RI_RI_toFeb_leapYear
TestStringConvert,testMonthDay,testMonthDay_leapDay
TestTimeOfDay_Basics,testWithFieldAdded7,testWithFieldAdded8
TestTimeOfDay_Basics,testWithFieldAdded1,testWithFieldAdded6
TestTimeOfDay_Basics,testWithFieldAdded2,testWithFieldAdded3
TestTimeOfDay_Constructors,testConstructor_ObjectString1,testConstructor_ObjectString6,testConstructor_ObjectString5,testConstructor_ObjectString3
TestTimeOfDay_Constructors,testConstructor_ObjectString2,testConstructor_ObjectString4
TestTimeOfDay_Constructors,testFactory_FromDateFields_after1970,testFactory_FromDateFields_before1970
TestTimeOfDay_Constructors,testConstructor_ObjectStringEx1,testConstructor_ObjectStringEx4,testConstructor_ObjectStringEx3,testConstructor_ObjectStringEx2
TestTimeOfDay_Constructors,testConstructor_long1,testConstructor_long2
TestTimeOfDay_Constructors,testConstructor_long1_Chronology,testConstructor_long2_Chronology
TestYearMonth_Basics,testWithFieldAdded_nullField_zero,testWithFieldAdded_nullField_nonZero
TestYearMonth_Constructors,testConstructor_long1,testConstructor_long2
TestYearMonth_Constructors,testConstructor_long1_Chronology,testConstructor_long2_Chronology
TestYearMonth_Constructors,testConstructor_ObjectString1,testConstructor_ObjectString5
TestYearMonth_Constructors,testConstructor_ObjectStringEx1,testConstructor_ObjectStringEx4,testConstructor_ObjectStringEx3,testConstructor_ObjectStringEx2
TestYearMonthDay_Basics,testWithFieldAdded2,testWithFieldAdded3
TestYearMonthDay_Constructors,testConstructor_ObjectString1,testConstructor_ObjectString5,testConstructor_ObjectString4,testConstructor_ObjectString3,testConstructor_ObjectString2
TestYearMonthDay_Constructors,testConstructor_ObjectStringEx1,testConstructor_ObjectStringEx4,testConstructor_ObjectStringEx3,testConstructor_ObjectStringEx2
TestYearMonthDay_Constructors,testConstructor_long1_Chronology,testConstructor_long2_Chronology
TestYearMonthDay_Constructors,testConstructor_long1,testConstructor_long2
TestCompiler,test_Amman_2003,test_Amman_2006,test_Amman_2005,test_Amman_2004
TestCompiler,testCompileOnBrokenTimeZoneFile,testCompileOnBrokenTimeZoneFile_2
TestCompiler,test_2400_fromDay,test_2400_specific_day,test_2400_last
TestFixedDateTimeZone,testToTimeZone1,testToTimeZone2
