TestCopticChronology,testLeap_5_13
TestEthiopicChronology,testLeap_5_13
TestGJChronology,testLeap_28feb
TestGJDate,test_plusYears_positiveToPositive
TestGJDate,test_plusWeekyears_positiveToZero_crossCutover
TestGregorianChronology,testLeap_28feb
TestIslamicChronology,testEpoch
TestIslamicChronology,test15BasedLeapYear
TestISOChronology,testLeap_28feb
TestJulianChronology,testLeap_28feb
TestConverterSet,testRemoveBadIndex1
TestStringConverter,testGetDateTime5
TestStringConverter,testSetIntoInterval_Object_Chronology4
TestStringConverter,testSetIntoPeriod_Object2
TestStringConverter,testGetDateTime3
TestStringConverter,testGetDateTime1
TestStringConverter,testSetIntoIntervalEx_Object_Chronology1
TestStringConverter,testSetIntoInterval_Object_Chronology1
TestBaseDateTimeField,test_add_long_int
TestMillisDurationField,test_getMillis_int_long
TestMillisDurationField,test_getMillis_int
TestMillisDurationField,test_add_long_int
TestOffsetDateTimeField,test_add_long_int
TestPreciseDateTimeField,test_add_long_int
TestPreciseDurationDateTimeField,test_add_long_int
TestDateTimeFormat,testFormatParse_textMonthJanShortLowerCase_UK
TestDateTimeFormat,testFormatParse_textYear_UK
TestDateTimeFormat,testFormatParse_textEraAD_UK
TestDateTimeFormat,testFormatParse_zoneId_noColon
TestDateTimeFormat,testFormat_era
TestDateTimeFormat,testFormat_other
TestDateTimeFormat,testFormatParse_textMonthJanShort_France
TestDateTimeFormat,testParse_pivotYear
TestDateTimeFormat,testFormatParse_zoneId_noColon_parseZ
TestDateTimeFormat,testFormat_dayOfWeekShortText
TestDateTimeFormat,testFormat_centuryOfEra
TestDateTimeFormatStyle,testForStyle_shortMediumDateTime
TestDateTimeFormatter,testParseDateTime_zone
TestDateTimeFormatter,testParseInto_monthOnly
TestDateTimeFormatter,testParseMutableDateTime_zone
TestDateTimeFormatter,testParseInto_monthDay_withDefaultYear_feb29
TestDateTimeFormatter,testParseLocalDate_weekyear_month_week_2010
TestDateTimeFormatterBuilder,test_printParseZoneDawson_suffix
TestDateTimeFormatterBuilder,test_printParseZoneEtcGMT
TestDateTimeFormatterBuilder,test_printParseZoneEtcGMT_suffix
TestDateTimeFormatterBuilder,test_appendTimeZoneOffset_print_min1max1
TestDateTimeFormatterBuilder,test_printParseZoneDawson
TestISODateTimeFormat_Fields,testForFields_calBased_Y
TestISOPeriodFormatParsing,testParseStandard1
TestISOPeriodFormatParsing,testParseStandardFail1
TestPeriodFormat,test_wordBased_fr_from_de
TestPeriodFormat,test_wordBased_fr_parseTwoFields
TestPeriodFormat,test_wordBased_fr_formatTwoFields
TestPeriodFormat,test_wordBased_fr_cached
TestPeriodFormat,test_wordBased_fr_formatStandard
TestPeriodFormat,test_wordBased_ja_checkRedundantSeparator
TestPeriodFormat,test_wordBased_fr_parseOneField
TestPeriodFormat,test_wordBased_fr_FormatOneField
TestPeriodFormatParsing,testParseNegativeMillis1
TestPeriodFormatterBuilder,testFormatPrefixSimple5IgnoringPrefix
TestTextFields,testMonthNames_monthStart
TestDateMidnight_Basics,testWithFieldAdded2
TestDateMidnight_Constructors,testConstructor_long1_DateTimeZone
TestDateMidnight_Constructors,testConstructor_long1
TestDateMidnight_Constructors,testConstructor_long1_Chronology
TestDateMidnight_Constructors,testConstructor_badconverterObject_DateTimeZone
TestDateMidnight_Properties,testPropertyAddMonthOfYear
TestDateTime_Basics,testWithDate_int_int_int_toDST1
TestDateTime_Basics,testWithFieldAdded2
TestDateTime_Constructors,testConstructor_long1
TestDateTime_Constructors,testConstructor_long1_Chronology
TestDateTime_Constructors,testConstructor_long1_DateTimeZone
TestDateTime_Constructors,testConstructor_ObjectStringEx1
TestDateTime_Constructors,testConstructor_ObjectString1
TestDateTime_Constructors,testConstructor_badconverterObject_DateTimeZone
TestDateTimeComparator,testListSecond
TestDateTimeComparator,testSecond
TestDateTimeComparator,testHour
TestDateTimeZone,testPatchedNameKeysLondon
TestDateTimeZone,testGetOffset_RI
TestDateTimeZone,testGetOffset_long
TestDateTimeZone,testIsLocalDateTimeGap_Berlin
TestDateTimeZoneCutover,testWithMillisOfSecondInDstChange_Paris_summer
TestDateTimeZoneCutover,test_DateTime_addWrapFieldDay_Gaza
TestDateTimeZoneCutover,test_DateTime_roundFloor_minute_NewYork_Spring_preCutover
TestDateTimeZoneCutover,testBug3476684_adjustOffset
TestDateTimeZoneCutover,test_DateTime_minusDay_Gaza
TestDateTimeZoneCutover,test_DateTime_constructor_NewYork_Autumn
TestDateTimeZoneCutover,test_getOffsetFromLocal_NewYork_Spring
TestDateTimeZoneCutover,test_LocalDate_toDateMidnight_Gaza
TestDateTimeZoneCutover,test_DateTime_new_Gaza
TestDateTimeZoneCutover,test_DateTime_setHourAcross_NewYork_Spring
TestDateTimeZoneCutover,test_DateTime_roundFloor_hour_NewYork_Spring_preCutover
TestDateTimeZoneCutover,test_DateTime_roundFloor_Gaza
TestDateTimeZoneCutover,test_DateTime_roundCeiling_Gaza
TestDateTimeZoneCutover,test_DateTime_plusHour_NewYork_Autumn
TestDateTimeZoneCutover,test_MockGazaIsCorrect
TestDateTimeZoneCutover,testBug2182444_usCentral
TestDateTimeZoneCutover,test_DateTime_roundCeiling_minute_NewYork_Spring_preCutover
TestDateTimeZoneCutover,test_DateTime_minusHour_Gaza
TestDateTimeZoneCutover,testDateTimeCreation_athens
TestDateTimeZoneCutover,test_DateTime_parse_Gaza
TestDateTimeZoneCutover,test_DateTime_withDay_Gaza
TestDateTimeZoneCutover,test_DateTime_roundCeiling_hour_NewYork_Spring_preCutover
TestDateTimeZoneCutover,test_DateTime_plusHour_Gaza
TestDateTimeZoneCutover,test_DateTime_minusHour_NewYork_Autumn
TestDateTimeZoneCutover,test_DateTime_setHourZero_Gaza
TestDateTimeZoneCutover,test_DateTime_withHourZero_Gaza
TestDateTimeZoneCutover,test_DateTime_withZoneRetainFields_Gaza
TestDateTimeZoneCutover,test_MutableDateTime_withZoneRetainFields_Gaza
TestDateTimeZoneCutover,test_LocalDate_new_Gaza
TestDateTimeZoneCutover,test_DateTime_plusDay_Gaza
TestDuration_Basics,testWithDurationAdded_long_int4
TestDuration_Basics,testNegated_long1
TestDuration_Basics,testWithDurationAdded_long_int1
TestDuration_Basics,testWithDurationAdded_RD_int4
TestDuration_Basics,testDividedByRoundingMode_long1
TestDuration_Basics,testWithDurationAdded_RD_int1
TestInstant_Constructors,testConstructor_long1
TestInterval_Basics,testEqualsHashCodeLenient
TestInterval_Constructors,testParse_noOffsetInString
TestInterval_Constructors,testParseWithOffset_noOffsetInString
TestLocalDate_Basics,testToDate_springDST
TestLocalDate_Basics,testToDateTime_LocalTime_Zone_dstOverlap
TestLocalDate_Basics,testToDate_summer
TestLocalDate_Basics,testWithFieldAdded_DurationFieldType_int_2
TestLocalDate_Constructors,testConstructor_long3_DateTimeZone
TestLocalDate_Constructors,testFactory_fromDateFields_beforeYearZero1
TestLocalDate_Constructors,testFactory_fromDateFields_after1970
TestLocalDate_Constructors,testConstructor_ObjectStringEx1
TestLocalDate_Constructors,testFactory_fromCalendarFields_beforeYearZero1
TestLocalDate_Constructors,testConstructor_long1_Chronology
TestLocalDate_Constructors,testConstructor_ObjectString1
TestLocalDate_Constructors,testConstructor_long1
TestLocalDateTime_Basics,testToDate_springDST
TestLocalDateTime_Basics,testToDate_summer
TestLocalDateTime_Basics,testToDate_summer_Zone
TestLocalDateTime_Basics,testToDateTime_Zone_dstOverlap
TestLocalDateTime_Basics,testToDate_springDST_Zone
TestLocalDateTime_Basics,testWithFieldAdded_DurationFieldType_int_2
TestLocalDateTime_Constructors,testConstructor_long1_Chronology
TestLocalDateTime_Constructors,testFactory_fromCalendarFields_beforeYearZero1
TestLocalDateTime_Constructors,testConstructor_Object_DateTimeZoneMoscow
TestLocalDateTime_Constructors,testFactory_fromDateFields_beforeYearZero1
TestLocalDateTime_Constructors,testConstructor_ObjectString1
TestLocalDateTime_Constructors,testConstructor_long1
TestLocalDateTime_Constructors,testConstructor_ObjectStringEx1
TestLocalDateTime_Constructors,testConstructor_Object_ChronologyMoscow
TestLocalDateTime_Constructors,testFactory_fromDateFields_after1970
TestLocalDateTime_Constructors,testConstructor_long1_DateTimeZone
TestLocalTime_Basics,testWithFieldAdded_DurationFieldType_int_2
TestLocalTime_Basics,testWithFieldAdded_DurationFieldType_int_7
TestLocalTime_Basics,testWithFieldAdded_DurationFieldType_int_1
TestLocalTime_Constructors,testConstructor_ObjectString1Tokyo
TestLocalTime_Constructors,testConstructor_long1_Chronology
TestLocalTime_Constructors,testConstructor_ObjectString_DateTimeZoneTokyo
TestLocalTime_Constructors,testConstructor_long1
TestLocalTime_Constructors,testFactory_FromDateFields_after1970
TestLocalTime_Constructors,testConstructor_ObjectString1
TestLocalTime_Constructors,testConstructor_ObjectStringEx1
TestMinMaxLong,testPrintParseMax
TestMonthDay_Basics,testPlusDays_int_toLeap
TestMonthDay_Basics,testMinusDays_int_toLeap
TestMonthDay_Basics,testPlusMonths_int_wrap
TestMonthDay_Basics,testPlusMonths_int_fromLeap
TestMonthDay_Basics,testMinusMonths_int_fromLeap
TestMonthDay_Basics,testMinusMonths_int_wrap
TestMonthDay_Basics,testWithFieldAdded_nullField_zero
TestMonthDay_Basics,testPlusDays_int_wrapMonth
TestMonthDay_Basics,testMinusDays_int_wrapMonth
TestMonthDay_Constructors,testConstructor_ObjectStringEx1
TestMonthDay_Constructors,testConstructor_ObjectString1
TestMonthDay_Constructors,testConstructor_long1
TestMonthDay_Constructors,testConstructor_long1_Chronology
TestMutableDateTime_Adds,testAdd_DurationFieldType_int2
TestMutableDateTime_Basics,testRounding3
TestMutableDateTime_Constructors,testConstructor_badconverterObject_DateTimeZone
TestMutableDateTime_Constructors,testConstructor_long1
TestMutableDateTime_Constructors,testConstructor_long1_DateTimeZone
TestMutableDateTime_Constructors,testConstructor_long1_Chronology
TestMutableDateTime_Properties,testPropertyAddDayOfWeek
TestMutableDateTime_Sets,testSetDate_RI_same
TestMutablePeriod_Constructors,testConstructor_RI_RI1
TestMutablePeriod_Constructors,testConstructor_long_long1
TestMutablePeriod_Updates,testSetPeriod_long_long1
TestMutablePeriod_Updates,testSetPeriod_8ints1
TestMutablePeriod_Updates,testSetPeriod_RI_RI1
TestMutablePeriod_Updates,testSetPeriod_RP1
TestPartial_Basics,testWithFieldAddWrapped7
TestPartial_Basics,testWithFieldAddWrapped2
TestPartial_Basics,testWithFieldAddWrapped1
TestPartial_Basics,testWithFieldAdded7
TestPartial_Basics,testWithFieldAdded2
TestPeriod_Basics,testNormalizedStandard_periodType_yearMonth1
TestPeriod_Basics,testNormalizedStandard_yearMonth1
TestPeriod_Basics,testNormalizedStandard_periodType_months1
TestPeriod_Basics,testNormalizedStandard_periodType_yearMonthWeekDay
TestPeriod_Constructors,testConstructor_trickyDifferences_LD_LD_toFeb_standardYear
TestPeriod_Constructors,testConstructor_RP_RP1
TestPeriod_Constructors,testConstructor_long_long1
TestPeriod_Constructors,testConstructor_RI_RI1
TestPeriod_Constructors,testConstructor_RP_RP4
TestPeriod_Constructors,testConstructor_trickyDifferences_RI_RI_toFeb_standardYear
TestStringConvert,testMonthDay
TestTimeOfDay_Basics,testWithFieldAdded7
TestTimeOfDay_Basics,testWithFieldAdded1
TestTimeOfDay_Basics,testWithFieldAdded2
TestTimeOfDay_Constructors,testConstructor_ObjectString1
TestTimeOfDay_Constructors,testConstructor_ObjectString2
TestTimeOfDay_Constructors,testFactory_FromDateFields_after1970
TestTimeOfDay_Constructors,testConstructor_ObjectStringEx1
TestTimeOfDay_Constructors,testConstructor_long1
TestTimeOfDay_Constructors,testConstructor_long1_Chronology
TestYearMonth_Basics,testWithFieldAdded_nullField_zero
TestYearMonth_Constructors,testConstructor_long1
TestYearMonth_Constructors,testConstructor_long1_Chronology
TestYearMonth_Constructors,testConstructor_ObjectString1
TestYearMonth_Constructors,testConstructor_ObjectStringEx1
TestYearMonthDay_Basics,testWithFieldAdded2
TestYearMonthDay_Constructors,testConstructor_ObjectString1
TestYearMonthDay_Constructors,testConstructor_ObjectStringEx1
TestYearMonthDay_Constructors,testConstructor_long1_Chronology
TestYearMonthDay_Constructors,testConstructor_long1
TestCompiler,test_Amman_2003
TestCompiler,testCompileOnBrokenTimeZoneFile
TestCompiler,test_2400_fromDay
TestFixedDateTimeZone,testToTimeZone1
