BoundedIteratorTest,testEmptyBounded
BoundedIteratorTest,testNegativeOffset
FilterListIteratorTest,testTruePredicate
FilterListIteratorTest,testNestedSixes
MultiKeyTest,testGetKeysArrayConstructorCloned
CursorableLinkedListTest,testSubListAddEnd
CursorableLinkedListTest,testSerialization
CursorableLinkedListTest,testCursorNextIndexAddNext
AbstractSortedMapTest,testHeadMapOutOfRange
Flat3MapTest,testEquals1
LRUMapTest,testRemoveLRUBlocksRemove
CircularFifoQueueTest,testRemoveError8
CircularFifoQueueTest,testConstructorException1
CircularFifoQueueTest,testRemoveError4
MapBackedSet2Test,testCanonicalEmptyCollectionExists
